00017,Cesaro,German,2,Edgetag
00522,Beret,Balderston,2,Brainlounge
00079,Corrie,Clooney,3,Skalith
00701,Emelia,Tesmond,3,Brainlounge
00217,Helen,Crummey,2,Brainlounge
00821,Zahara,Dragge,3,Voomm
00263,Gregory,Tapscott,2,Skalith
00103,Gerald,Caustic,1,Brainlounge
00011,Ranna,Gillino,1,Skalith
00799,Marabel,Hestrop,3,Edgetag
00246,Aime,Balam,2,Ailane
00785,Frank,Kyle,3,Edgetag
00835,Ad,Shynn,2,Brainlounge
00754,Buddie,Norton,2,Brainlounge
00697,Louie,Spillard,1,Edgetag
00677,Sal,Rattenberie,1,Brainlounge
00928,Coralyn,Meconi,2,Edgetag
00776,Traver,Gamlen,2,Brainlounge
00069,Sidnee,Lethbury,3,Edgetag
00292,Marcellina,Molnar,3,Voomm
00070,Welsh,Peppard,3,Edgetag
00578,Karyn,Humbatch,1,Voomm
00873,Daron,Cosh,1,Edgetag
00859,Launce,Dyott,1,Ailane
00729,Vale,Dei,2,Ailane
00529,Loise,Upward,3,Ailane
00423,Orrin,Toon,2,Brainlounge
00920,Benedikta,Blomfield,2,Brainlounge
00964,Noell,Maine,1,Brainlounge
00829,Georgy,Scole,3,Edgetag
00499,Carma,L'Episcopio,3,Voomm
00880,Englebert,Castelletto,2,Brainlounge
00902,Maye,Giovannacc@i,3,Skalith
00658,Ricki,Girardey,3,Brainlounge
00589,Israel,Havercroft,1,Voomm
00613,Suzy,Clemensen,2,Edgetag
00225,Hildagarde,Camellini,2,Brainlounge
00190,Florie,Copestick,1,Edgetag
00557,Wash,Kyndred,3,Skalith
00100,Lowe,Abethell,3,Ailane
00105,Linnea,O'Hoolahan,2,Skalith
00840,Tracee,Gingold,2,Brainlounge
00913,Peri,Bolderoe,2,Brainlounge
00934,Tawsha,Jahnel,2,Skalith
00357,Alessandra,Steljes,1,Ailane
00641,Terry,Legging,2,Brainlounge
00997,Quintina,Lyal,1,Brainlounge
00434,Birdie,O'Hoolahan,2,Brainlounge
00997,Carole,Matveiko,3,Edgetag
00095,Guendolen,Poore,2,Ailane
00994,Nicoli,Klausewitz,1,Voomm
00818,Tam,Grenfell,3,Ailane
00347,Amalita,Armsden,1,Skalith
00825,Hernando,Yantsev,3,Edgetag
00622,Sibby,Morey,1,Brainlounge
00589,Brier,Beadell,1,Skalith
00465,Durant,Milkeham,3,Skalith
00381,Roxine,Carleton,3,Brainlounge
00374,Isabel,Karpman,3,Voomm
00499,Sallee,Nelthrop,3,Edgetag
00796,Alexia,Minthorpe,2,Voomm
00975,Jamesy,Mashal,1,Skalith
00342,Flora,Gonning,1,Edgetag
00697,Bil,Iacomi,2,Ailane
00080,De witt,Cuskery,3,Voomm
00480,Vivienne,Quantick,2,Brainlounge
00858,Raphaela,Vasyukhin,1,Edgetag
00068,Doro,Markova,3,Skalith
00975,Marijo,Kidgell,1,Ailane
00694,Lynde,Rapley,3,Voomm
00218,Eliza,Bentje,1,Skalith
00419,Leila,Llorente,1,Edgetag
00302,Tallulah,Defew,3,Ailane
00430,Ivor,Von Gladbach,2,Voomm
00631,Daisy,Lacoste,1,Skalith
00086,Krystal,Poltun,2,Skalith
00015,Elise,Sibbering,3,Brainlounge
00370,Albie,Reyner,3,Skalith
00612,Romy,Pinniger,3,Edgetag
00560,Adolf,Stigger,2,Ailane
00579,Nikki,Caillou,1,Brainlounge
00480,Dane,Bewfield,2,Edgetag
00108,Merilyn,Sterrie,2,Brainlounge
00136,Stace,Taylder,2,Brainlounge
00855,Andreas,Tesche,2,Brainlounge
00127,Sanford,Trimnell,3,Edgetag
00736,Lutero,Girardetti,3,Edgetag
00671,Jessalyn,Brimson,2,Voomm
00188,Stearn,Bricket,3,Skalith
00479,Piper,Tolliday,2,Edgetag
00938,Alyssa,Probert,3,Ailane
00760,Diannne,Daud,1,Skalith
00212,Lishe,Cristoforo,3,Brainlounge
00267,Melania,Erridge,2,Brainlounge
00883,Toma,Janiak,3,Voomm
00598,Cassy,McQuirter,1,Voomm
00228,Glenda,Dumpleton,2,Edgetag
00990,Rodolph,Renackowna,3,Brainlounge
00735,Trixy,Dawidowicz,1,Voomm
00705,Donovan,Vann,1,Voomm
